,JAN 2010 r,FEB 2010 r,MAR 2010 r,APR 2010 r,MAY 2010 r,JUN 2010 r,JUL 2010 r,AUG 2010 r,SEP 2010 r,OCT 2010 r,NOV 2010 r,DEC 2010 r,JAN 2011 r,FEB 2011 r,MAR 2011 r,APR 2011 r,MAY 2011 r,JUN 2011 r,JUL 2011 r,AUG 2011 r,SEP 2011 r,OCT 2011 r,NOV 2011 r,DEC 2011 r,JAN 2012 r,FEB 2012 r,MAR 2012 r,APR 2012 r,MAY 2012 r,JUN 2012 r,JUL 2012 r,AUG 2012 r,SEP 2012 r,OCT 2012 r,NOV 2012 r,DEC 2012 r,JAN 2013 r,FEB 2013 r,MAR 2013 r,APR 2013 r,MAY 2013 r,JUN 2013 r,JUL 2013 r,AUG 2013 r,SEP 2013 r,OCT 2013 r,NOV 2013 r,DEC 2013 r,JAN 2014 r,FEB 2014 r,MAR 2014 r,APR 2014 r,MAY 2014 r,JUN 2014 r,JUL 2014 r,AUG 2014 r,SEP 2014 r,OCT 2014 r,NOV 2014 r,DEC 2014 r,JAN 2015 r,FEB 2015 r,MAR 2015 r,APR 2015 r,MAY 2015 r,JUN 2015 r,JUL 2015 r,AUG 2015 r,SEP 2015 r,OCT 2015 r,NOV 2015 r,DEC 2015 r,JAN 2016 r,FEB 2016 r,MAR 2016 r,APR 2016 r,MAY 2016 r,JUN 2016 r,JUL 2016 r,AUG 2016 r,SEP 2016 r,OCT 2016 r,NOV 2016 r,DEC 2016 r,JAN 2017 r,FEB 2017 r,MAR 2017 r,APR 2017 r,MAY 2017 r,JUN 2017 r,JUL 2017 r,AUG 2017 r,SEP 2017 r,OCT 2017 r,NOV 2017 r,DEC 2017 r,JAN 2018 r,FEB 2018 r,MAR 2018 r,APR 2018 r,MAY 2018 r,JUN 2018 r,JUL 2018 r,AUG 2018 r,SEP 2018 r,OCT 2018 r,NOV 2018 r,DEC 2018 r,JAN 2019 r,FEB 2019 r,MAR 2019 r,APR 2019 r,MAY 2019 r,JUN 2019 r,JUL 2019 r,AUG 2019 r,SEP 2019 r,OCT 2019 r,NOV 2019 r,DEC 2019 r,JAN 2020 r,FEB 2020 r,MAR 2020 r,APR 2020 r,MAY 2020 r,JUN 2020 r,JUL 2020 r,AUG 2020 r,SEP 2020 r,OCT 2020 r,NOV 2020 r,DEC 2020 r,JAN 2021 r,FEB 2021 r,MAR 2021 r,APR 2021 r,MAY 2021 r,JUN 2021 r,JUL 2021 r,AUG 2021 r,SEP 2021 r,OCT 2021 r,NOV 2021 r,DEC 2021 r,JAN 2022 r,FEB 2022 r,MAR 2022 r,APR 2022 r,MAY 2022 r,JUN 2022 r,JUL 2022 r,AUG 2022 r,SEP 2022 r,OCT 2022 r,NOV 2022 r,DEC 2022 r,JAN 2023 r,FEB 2023 r,MAR 2023 r,APR 2023 r,MAY 2023 r,JUN 2023 r,JUL 2023 r,AUG 2023 r,SEP 2023 r,OCT 2023 r,NOV 2023 r,DEC 2023 r,JAN 2024 r,FEB 2024 r,MAR 2024 r,APR 2024 p
Private Consumption Index 1/,98.5,90.44,105.04,103.53,97.49,99.29,100.21,100.74,102.6,94.33,109.73,98.05,100.27,92.83,108.06,102.49,97.11,97.35,100.35,102.17,104.6,91.12,99.44,96.37,103.63,99.62,112.36,109.32,107.2,104.96,109.06,110.38,112.18,104.81,119.01,107.92,112.39,102.56,118.78,113.84,109.45,106.33,110.67,112.79,112.52,105.04,118.5,107.49,111.36,102.5,118.68,116.48,111.92,109.49,113.58,114.61,114.85,107.06,121.06,110.33,115.07,104.69,121.46,118.8,112.04,110.98,114.26,115.77,118.4,109.97,126.1,114.88,118.16,108.61,127.25,124.67,118.7,116.35,118.91,121.37,123.36,112.68,130.04,118.84,120.14,112.12,130.88,126.82,121.87,120.02,120.65,123.32,127.34,115.52,136.34,125.96,125.63,115.72,132.36,137.13,129.14,125.85,128.61,131.45,131.94,122.53,140.1,128.25,132.6,121.88,138.86,140.67,133.68,129.48,130.89,132.28,131.93,123.81,140.03,127.95,134.13,126.74,137.17,121.29,119.45,125.07,132.93,133.73,134.16,125.17,144.73,138.57,131.28,125.16,143.55,136.5,119.94,123.94,123.51,122.6,126.99,122.46,143.34,141.44,140.73,128.81,143.57,147.73,133.89,136.11,142.25,144.4,142.84,131.96,154.86,146.56,150.34,138.21,156.85,160.7,143.77,144.57,153.06,154.69,150.81,138.94,163.83,151.7,154.12,141.91,157.58,164.82
   Non-durables Index 2/,106.75,98.18,109.5,99.57,98.57,96.39,101.88,100.14,100.28,95.24,91.78,101.66,109,99.35,110.48,100.22,99.88,97.05,102.75,102.44,101.3,93.79,86.97,99.59,111.06,104.48,114.92,103.4,105.23,99.78,105.17,106.53,103.66,99.39,97.54,107.55,116.17,105.31,118.66,107.34,108.66,102.93,109.03,110.42,105.76,101.67,98.81,106.74,118.09,106.73,122.04,110.54,111.07,105.82,113.33,113.2,110.66,106.16,102.36,112.51,122.22,110.21,125.34,114.43,115.61,111.25,117.58,116.93,113.6,108.95,107.36,116.99,127.32,117.44,129.23,119.69,120.54,114.75,119.94,121.06,116.22,110.59,107.47,118.75,129.48,117.89,133.21,120.62,121.04,117.95,123.49,124.32,122.38,114.91,111.54,121.31,130.44,120.12,135.39,122.41,122.39,119.3,125.21,125.97,121.5,117.34,114.48,125.23,135.15,123.84,137.85,126.09,128.28,122.72,128.38,128.13,122.16,121.44,116.25,123.52,136.05,124.9,139.25,112.42,120.51,119.52,128.6,126.16,125.21,117.1,113.82,123.09,125.54,121.55,138.37,119.1,116.7,116.3,115.31,113.12,113.68,109.53,108.16,120.42,127.93,115.44,131.11,121.16,120.31,117.66,123.27,121.37,119.03,112.26,110.74,120.16,130.79,119.59,133.29,123.54,126.14,120.03,126.07,124.91,120.29,115.8,114.25,123.07,135.71,127,137.02,128.94
     Sales of Benzene Gasohol and Diesel Index,98.88,96.83,102.59,98.84,98.41,99.38,101.91,98.42,96.57,98.08,102.37,107.66,104.51,96.49,102.02,102.87,102.51,101.35,97.99,103.19,96.84,92.78,89.18,109.2,106.35,102.46,108.75,103.66,108.57,106.47,104.49,107.93,100.12,109.5,111.9,122.68,118.61,105.08,121.49,117.64,123.79,112.63,116.44,119.34,104.74,114.53,113.61,117.58,116.65,106.16,121.25,120.28,123.73,113.49,120.91,123.69,118.43,122.65,119.47,136.51,135.48,124.05,136.75,138.54,140.44,134.06,140.38,141.52,132.88,141.69,138.49,155.93,150.79,148.16,156.25,157.63,159.19,160.06,154.19,164.75,149.02,148.3,152.02,165.99,156.88,145.48,169.42,158.84,166.31,165.79,161.29,167.67,160.11,161.45,153.08,171.11,167.87,158.17,175.07,169.32,167.43,168.06,164.31,172.2,156.14,167.8,166.77,182.6,176.18,160.35,181.95,177.1,178.87,175.81,176.63,178.25,162.85,182.34,172.49,182.47,178.11,164.83,165.11,123.94,157.33,168.77,191.94,185.64,185.38,179.4,180.81,187.67,147.8,160.83,191.18,155.99,140.61,151.47,127.98,123.7,133.98,149.09,160.88,191.31,171.94,148.82,156.8,169.14,168.1,161.63,161.28,160.35,160.09,159.68,164.38,182.47,175.26,158.1,175.5,167.97,178.74,171.13,170.04,166.56,156.56,163.47,171.95,182.22,181.2,167.01,175.47,182.28
     Household electricity consumption Index,87.71,89.04,103.76,113.29,119.38,108.66,105,99.77,97.61,97.88,88.03,89.8,84.28,85.26,97.47,99.08,110.03,105.23,105.97,104.79,102.42,97.76,98.04,94.21,95.5,99.29,115.23,119.35,125.41,110.99,110.14,108.68,104.28,109.45,110.96,108.18,101.27,99.8,118.27,128.77,133.79,119.03,116.02,116.93,111.18,112.09,107.69,97.15,89.79,91.62,118.05,129.52,140.97,131.17,126.29,122.08,116.96,119.3,114.96,107.69,96.67,96.86,125.63,130.39,143.89,139.62,134.6,128.29,125.31,124.89,124.76,120.48,116.08,105.73,132.62,151.53,165.14,139.93,133.83,138.54,131.81,131.1,123.6,117.05,117.2,109.26,137.18,144.65,152.1,141.18,138.84,142.55,139.13,135.96,124.96,119.95,112.03,113.12,138.96,143.63,150.53,144.77,144.33,140.72,134.75,143.81,134.76,131.65,128.44,127.63,153.72,169.67,180.48,157.39,157.42,151.02,139.83,148.59,139.07,124,139.37,134.81,160.04,179.51,199.91,180.03,174.78,164.41,162.22,144.28,135.32,134.86,125.77,129.01,162.85,175.5,192.17,189.51,183.88,182.28,165.16,165.36,153.43,136.23,144.95,142.51,170.11,176.37,181.05,177.05,174.58,170.04,159.69,150.83,150.03,144.05,131.43,134.03,160.33,205.79,214.92,193.22,189.58,185.94,174.18,173.02,163.82,159.05,156.95,160.29,196.67,224.38
   Semi-durables Index 3/,99.3,91.85,101.05,90.95,92.35,103.14,93.92,98.28,97.99,107.95,123.22,99.95,99.26,90.52,103.5,90.35,93.88,102.89,93.6,99.5,98.92,104.6,117.01,103.67,101.37,98.52,107.54,94.46,100.18,105.66,99.21,101.95,100.25,115.08,127.08,104.84,105.96,97.29,107.26,95.96,100.85,105.16,99.22,102.62,101.08,113.9,124.84,104.83,106.29,97.38,107.62,95.58,99.03,105.77,98.94,100.68,102.08,115.07,125.37,106.64,105.34,99.66,107.44,95.64,98.76,107.52,99.45,102.22,101.62,114.26,127.11,109.22,105.21,99.45,109.93,96.93,100.51,108.34,99.39,104.56,102.57,116.07,129.57,109.53,105.33,99.75,111.37,95.53,102.08,109.9,99.91,106.46,103.18,116.23,130.95,110.1,110.09,102.64,111.56,98.76,104.45,112.18,103.02,108.56,106.01,123.03,135.47,112.26,112.92,103.14,113.31,100.83,105.49,112.47,105.4,107.86,106.62,121.44,133.65,112.83,113.29,100.24,110.27,95.28,97.36,107.91,99.52,103.31,103.61,116.86,130.45,111.71,110.33,105.94,114.13,101.02,105.71,112.79,101.61,105.51,105.34,120.03,132.35,113.02,111.89,104.07,114.85,101.63,107.23,114.15,103.79,109.67,107.29,119.7,135.21,112.78,111.61,105.25,116.13,99.95,108.21,113.25,104.11,109.42,106.9,121.63,134.43,112.83,112.11,105.79,113.45,101.31
     Sales of semi-durables Index,91.45,91.77,106.03,89.37,96.73,106.63,105.12,106.65,107.37,104.91,108.65,85.26,81.53,80.34,91.9,73.59,78.91,87.1,83.9,89.59,89.18,71.18,70.39,84.51,86.21,92.03,99.22,82.85,100.75,99.09,100.37,99.46,96.81,97.71,99.06,96.16,99.07,92.2,104.31,86.62,100.05,97.04,98.36,97.3,96.87,94.01,93.96,94.9,91.42,92.57,101.04,84.63,93.85,93.2,93.24,89.24,91.95,91,90.14,95.09,89,89.78,103.88,84.03,93.53,95.2,96.38,91.45,93.81,92.67,91.85,100.61,89.29,92.28,106.48,86.51,96.62,94.66,90.29,94.05,93.99,90.03,94.36,98.51,90.35,90.19,104.43,81.43,95.99,97.1,92.35,98.13,98.95,93.57,99.35,101.68,99.02,96.04,110.53,88.58,102.28,103.49,100.63,105.76,100.07,102.15,104.91,104.38,104.62,100.08,113.58,95.08,105.76,105.05,105.54,103.12,99.54,100.08,98.94,99.55,96.89,95.34,95.34,72.95,80.45,89.28,83.09,88.85,93.4,90.55,93.92,98.27,92.92,109.54,110.45,91.05,99.97,100.1,89.29,89.1,97.09,98.47,99.77,105.47,101.18,100.43,112.64,96.05,101,101.49,97.08,105.99,105.09,101.75,106.38,103.12,104.39,102.51,116.72,91.73,107.19,105.36,103.09,104.72,105.42,101.41,101.08,100.96,101.66,98.11,104.72,88.14
     Import of textiles Index,106.15,89.32,92.02,95.37,89.45,101.63,95.96,104.55,102.95,95.91,123.17,103.46,120.03,92.55,125.31,110.99,121.83,122.53,117.15,135.73,132.44,109.71,126.16,135.94,132.26,142.54,152.84,134.88,146.86,128.64,146.02,144.53,132.97,148.85,151.21,125.33,156.79,127.77,139.98,144.85,156.1,126.95,149.81,156.17,141.82,143.37,139.04,127.26,175.69,128.07,149.24,144.27,145.17,139.21,155.94,148.02,162.16,160.98,150.85,144.83,168.67,157.28,141.99,146.18,142.51,154.25,156.02,162,152.25,148.12,164.4,163,166.2,149.19,164.42,156.92,157.28,164.95,167.38,186.49,163.42,172.49,184.78,171.08,165.36,157.05,185.87,149.94,178.59,179.02,169.83,204.19,160.75,165.99,188.73,171.5,206.65,181.51,175.09,174.97,197.84,194.68,194.15,217.47,194.34,226.35,228.72,193.2,235.52,179.3,191.45,188.92,205.65,195.22,218.9,212.7,204.76,208.28,219.78,212.33,263.24,148.65,187.58,158.48,137.27,166.91,176.91,175.87,173.27,168.67,190.63,198.52,220.61,190.2,204.38,187.77,192.02,203.41,190.91,205.79,188.38,187.72,198.68,199.46,221.7,182.4,209.81,184.27,212.11,219.97,203.71,223.8,197.71,175.84,217.36,201.47,208.55,194.65,219.53,169.66,211.86,195.42,193.26,222.83,191.02,199.7,220.58,207.49,222.95,212.96,206.2,196.68
   Durables Index 4/,84.84,87.62,98.59,88.27,95.93,113.41,102.36,102.45,105.6,97.73,103.24,119.89,99.77,106.28,125.15,96.61,94.72,116.74,108.92,115.11,120.72,80.07,72.2,96.13,99.68,111.77,129.79,108.62,140.93,151.85,150.66,146.3,152.34,159.97,188.36,167.13,139.76,143.34,167.95,121.93,135.61,138.25,130.76,130.92,128.01,126.1,144.94,143.97,101.42,107.33,122.89,100.45,107.85,116.3,110.59,107.5,108.84,111.23,127.34,127.69,98.8,102.39,120.79,88.25,100.19,108.22,100.93,99.52,106.48,113.31,129.26,133.4,96.12,96.22,118.89,88.09,109.34,116.38,103.85,108.85,109.79,105.23,125.19,127.61,99.25,108.15,128.62,96.78,113.43,120.55,108.63,110.86,118.57,115.24,142.34,144.95,108.71,112.23,134.72,107.19,123.77,132.6,120.63,126.33,125.46,127.4,152.85,148.71,115.45,118.06,141.24,112.21,123.83,127.71,121.2,121.24,122.81,119.34,136.38,134.97,110.46,107.76,109.3,70.13,84.26,99.31,102.19,109.55,109.57,114.02,130.86,144.31,96.88,99.44,131.72,108.61,104.75,115.18,93.97,85.1,104.89,105.61,133.72,137.99,110.51,111.62,132.04,111.89,116.93,117.34,106.75,120.43,115.85,108.33,134.08,130.32,110.91,116.45,136.01,113.35,126.12,122.27,109.87,118.31,112.89,112.55,134.35,124.58,108.21,104.21,117.55,106.47
     Sales of Commercial cars (Units),26411,29242,37204,28108,31352,33915,33350,34353,33541,36339,41778,49292,34088,40107,47052,33259,29189,34673,37590,40350,42820,20755,10166,24693,45401,54173,65231,45248,55159,58184,62199,63903,59241,64019,64145,66446,58503,57745,69880,56058,52240,49825,44173,43194,42469,41968,48275,57070,36916,36743,42632,36236,34750,35661,34662,33658,34072,36045,37267,44146,30396,32621,35425,21908,24926,29820,29008,33109,26699,27210,42330,55995,25512,27810,32044,24195,30195,28565,26331,27335,27869,28124,31627,41986,27596,31797,37668,27961,29010,27570,28711,30708,36369,28725,34353,44851,29706,35165,43622,34852,37115,37156,35424,36919,39356,39844,44744,53674,36408,36908,46700,37683,40531,36758,35829,34760,30981,34768,38004,41558,31759,31453,28870,16287,21557,27795,30807,34332,35420,38033,38033,45918,26719,27200,33345,28261,28578,30282,26155,20145,27989,32097,34311,38131,31297,36650,41766,30239,30378,34525,30835,31630,35752,32877,30535,37053,28605,28493,30945,22897,23799,23586,21617,21186,20354,20082,19407,21034,16297,16532,17352,15108
     Sales of Passenger cars (Units),21682,23346,23942,27418,29108,34832,30432,29491,32684,33609,34759,41266,32317,34722,43260,32190,24477,33524,33250,36772,42221,20949,14576,28567,29606,34417,42231,39910,57849,62024,65983,62639,70351,74857,80287,74098,63592,68067,83103,49850,55338,51725,49632,53293,49047,43730,42396,53989,29732,32946,38946,34993,32902,36106,32772,32848,32501,32299,33003,42366,27429,29425,36127,30137,29871,28087,29894,26550,32983,38325,31758,42455,24516,27235,37506,28824,33921,34874,32369,33631,33362,30102,30661,41758,27795,34338,44211,33614,35277,39776,34637,35363,38762,37612,41205,56653,35158,38114,48805,42088,45490,48385,44232,47341,46541,44648,47512,56606,39950,43265,53977,46419,45121,46711,42804,43643,47305,38167,36652,49617,36869,35195,28642,12698,17385,23632,26536,32439,32467,33923,33923,55557,26448,29617,43492,27677,24886,31919,23931,19571,33487,29723,34523,49489,35822,35197,42600,30888,31595,30654,30608,34100,35879,29524,35266,42495,35387,41015,46410,34322,39292,38253,34507,36970,39234,36985,40038,43980,37438,34840,37165,30700
     Sales of Motorcycles (Units),163314,153743,180491,143763,159921,195308,168430,174315,164819,150498,154989,169316,171895,177823,204155,159529,198042,234956,187930,201995,183541,143952,137998,132561,159699,189072,201678,166256,227145,225146,199371,190482,181080,178566,176604,162277,191107,187445,201767,178223,201138,200726,187059,173461,160891,158657,147149,134354,133170,161249,165284,139875,165412,169390,171465,153737,153889,146598,129433,129869,152475,162317,195229,114107,156473,190496,131672,143943,152868,137040,138348,140032,172112,144227,176855,117366,179707,200371,141427,174123,173394,141319,153026,140204,161413,165663,182094,136507,207343,195108,152861,165019,172247,150668,169378,142829,167039,156814,176764,132286,182440,193143,146694,171490,153662,153478,159014,149670,161885,157394,180784,132448,175586,163664,163522,163975,148807,156620,148189,123836,158687,151550,160441,87855,109431,141999,154102,159896,148533,139454,132467,137022,148234,142576,185517,145645,154369,176747,126809,113285,123478,126941,159243,159786,158920,163052,169628,134512,178590,192276,147601,189229,166608,147548,167057,159481,174980,179091,203772,137714,202747,198376,166781,178817,159359,153980,161032,148372,171751,161216,168037,142830
   Services Index 5/,99.61,93.06,101.86,107.01,88.15,90.72,99.51,100.22,101.4,89.85,126.17,102.44,103.35,97.71,107.9,113.04,96.56,95.19,105.24,107.15,108.22,91.23,113.84,106.48,109.5,103.78,113.24,121.75,104.84,103.49,113.96,115.86,115.56,103.45,135.26,118.98,120.55,113.04,123.63,132.91,114.27,112.57,122.93,126.86,124.94,112,145.64,125.66,125.48,115.41,124.94,136.03,118.08,111.97,125.48,129.35,127.18,116.91,152.5,135.57,134.53,125.32,135.72,146.59,125.09,124.69,136.55,139.31,136.71,121.71,159.84,141.98,143.26,135.53,150.69,157.57,135.24,133.15,149.14,151.27,150.3,127.26,166.22,149.93,152.01,142.46,156.75,165.55,143.73,143.57,156.06,160.2,158.83,137.31,185.16,173.04,164.43,153.65,166.49,178.2,153.08,152.58,166.26,168.84,164.24,144.58,190.82,171.39,171.83,158.76,171.91,184.25,155.84,155.93,169.02,173.29,168.18,150.73,196.19,176.16,173.69,145.25,134.11,126.89,111.18,118.62,127.68,129.65,131.12,116.55,156.83,135.97,126.44,117.39,134.78,144.8,110.5,115.94,121.58,121.19,127.51,118.89,159.95,149.68,148.04,134.71,147.94,169.85,139.78,147.55,161.41,165.81,164.32,148.25,196.72,179.42,181.7,167.32,189.59,210.61,166.41,173.08,190.11,193.34,189.52,165.87,218.9,194.91,196.17,181.69,200.82,223.43
     Sales of passenger transportations Index,96.82,99.52,117.79,100.21,89.91,91.22,92.85,90.03,94.92,97.79,103.96,124.93,122.98,125.29,148.67,128.88,115.65,117.97,118.21,120.05,130.79,119.39,107.27,126.48,124.38,136.35,153.57,139.62,133.22,125.46,132.65,134.42,140.19,150.04,146.77,145.46,152.73,153.93,175.24,161.14,154.4,147.61,151.29,154.83,151.89,165.52,156.93,158.44,153.83,155.52,168.2,157.98,145.55,134.15,145.65,144.62,150.51,169.66,164.38,178.95,171.79,165.92,188.95,177.5,154.6,153.6,158.66,163.96,160.29,171.81,173.39,186.37,184.7,195.13,245.57,189,175.96,172.78,174.97,186.99,195.57,173.89,180.08,198.67,200.64,206.27,237,198.73,201.81,187.39,190.35,205.55,202.59,201.79,221.74,230.24,236.51,239.65,252.74,230.3,220.13,214.01,207.27,214.02,202.45,221.28,223.41,236.23,249.08,234.27,263.83,230.35,211.96,191.05,198.93,201.05,196.18,214.99,208.51,236.81,225.57,156.29,112.63,61.22,58.39,65.23,59.41,68.81,68.31,73.69,85.63,82.77,70.62,77.24,99.87,66,61.49,71.69,71.7,69.64,81.06,90.68,93.45,101.86,86.59,93.36,101.42,89.91,88.92,91.56,90.8,97.15,102.76,112.65,112.22,122.39,121.51,124.16,138.59,120.43,116.54,111.9,113.38,118.61,116.15,125.16,123.08,132.12,131.59,134.06,146.63,129.08
     Sales of hotel and restaurant Index,122.82,108.55,112.77,96.96,74.85,77.92,84.49,87.48,85.88,94.41,155.35,98.46,105.06,99.09,106.93,89.2,80.55,69.1,78.91,82.12,77.37,75.59,74.07,102.32,117.69,106.86,113.92,101.81,90.94,82.6,89.78,93.08,86.05,94.51,103.05,128.62,133.95,123.83,132.22,117.22,103.78,92.52,99.56,108.52,99.63,108.69,118.47,135.51,140.44,119.69,126.86,116.86,110.24,86.12,99.38,109.96,96.38,113.91,123.93,151.35,154.29,142.14,145.99,130.4,119.6,107.25,117.43,121.69,110.39,119.11,129.49,159.05,169.39,155.72,164.47,149.37,133.97,115.39,139.59,138.41,125.56,126.72,132.47,169.98,182.14,164.33,176.7,157.93,139.43,132.14,141.74,146.49,137.15,138.92,157.35,237.64,199.42,179.75,193.14,171.67,151.71,137.94,154.55,157.8,140.77,143.87,158.43,198.14,206.1,186.6,191.21,176.02,149.75,144.97,152.03,163.57,141.72,155.29,166.02,198.03,205.56,144.84,76.63,25.44,35.48,55.25,59.18,54.08,64.12,66.83,81.14,83.25,55.41,67.65,75.61,35.65,29.41,40.44,32.96,33.54,41.8,54.31,73.58,94.56,78.64,90.49,96.03,94.68,86.78,80.27,90.03,95.81,95.24,105.22,123.1,150.05,158.47,147.82,169.64,153.25,135.42,124.19,134.64,140.21,127.21,130.3,144.53,178.43,187.54,174.3,184.44,166.16
   Non-residents expenditure Index 6/,142.11,151.85,99.84,68.67,37.17,48.3,99.09,92.15,77.81,94.55,117.45,170.95,169.32,171.93,131.88,131.38,103.28,109.22,143.92,143.7,115.33,115.86,112.46,188.16,177.13,164.78,143.46,129.52,104.23,112.31,143.47,144.99,105.27,133.13,172,228.45,203.42,216.73,180.42,176.16,148.31,154.56,180.56,189.44,148.46,161.35,204.64,247.95,221.96,205.27,166.02,157.03,122.84,104.57,162.16,170.85,142.37,178.18,216.96,291.67,248.39,255.96,212.42,202.17,183.62,189.91,238,233.43,167.88,185.96,228.4,305.67,288.16,302.79,251.59,223.73,197.29,199.58,270.04,268.71,205.18,188.09,214.69,306.59,331.57,313.01,275.25,256.2,216.11,239.8,315.93,321.67,250.19,247.7,289.74,386.42,356.1,355.03,334.9,220.41,197.18,239.86,297.72,293.27,226.97,233.89,308.1,375.33,346.19,331.86,303.96,239.69,189.35,227.51,306.69,316.41,253.79,268.86,334.17,385.95,337.92,174.43,65.1,15.95,8.52,2.34,-2.91,-3.44,-5.29,1.01,2.05,-1.89,3.55,2.94,5.1,6.84,7.05,4.56,2.74,-3.7,-1.33,3.36,12.04,23.94,39.37,33.91,44.6,26.42,35.22,47.66,58.72,67.43,57.49,75.08,103.71,129.51,134.85,139.87,141.65,116.49,111.54,109.06,110.44,117.25,109.81,117.69,139.75,167.62,200.56,211.55,201.42,167.48
Private Consumption Index (Seasonally Adjusted) 1/,97.95,96.8,98.23,100.43,99.68,102.28,100.14,99.89,100.88,100.26,103.01,100.38,99.93,99.62,101.12,99.35,98.42,99.68,100.34,101.34,102.59,97.17,93.77,99.48,103.82,107.48,106.04,106.72,109.57,108.6,109.94,110.28,111.21,111.41,111.16,110.77,113.28,111.87,112.61,111.24,111.7,110.12,111.54,112.52,111.17,111.72,110.64,110.65,110.85,110.84,111.81,112.88,114.14,113.94,114.26,113.9,113.58,113.77,113.16,114.24,114.69,113.99,114.73,114.29,113.45,114.67,115.19,115.14,116.98,117.06,117.98,118.73,118.14,118.9,120.65,119.51,120,120,120.11,120.88,121.67,120.15,121.53,122.51,120.67,122.75,124.63,121.54,123.35,123.3,121.9,122.74,125.13,123.46,127.2,130.23,126.47,127.03,126.69,131.49,131.5,129.29,129.52,130.3,129.73,131.31,130.78,132,133.51,132.87,133.09,135.45,136.81,133.12,131.2,130.4,129.01,133.21,130.89,131.5,134.83,135.42,129.62,116.92,124.45,130.51,133.48,133.3,136.63,135.88,136.57,136.95,128.43,131.84,135.89,130.78,126.41,129.5,123.98,121.87,129.42,133.4,135.27,140.53,138.29,137.45,136.48,140.52,142,142.48,142.4,142.77,143.78,143.9,144.78,146.7,148.62,148.54,150.39,150.74,152.39,151.18,152.38,152.02,150.36,151.6,152.46,152.2,152.89,152.75,151.46,153.89
(% change from the previous month),n.a.,-1.17,1.47,2.23,-0.74,2.6,-2.09,-0.25,0.99,-0.61,2.74,-2.55,-0.45,-0.31,1.51,-1.75,-0.93,1.28,0.65,0.99,1.23,-5.28,-3.49,6.08,4.35,3.53,-1.34,0.64,2.66,-0.88,1.23,0.3,0.84,0.18,-0.22,-0.35,2.26,-1.24,0.66,-1.21,0.41,-1.41,1.28,0.87,-1.2,0.49,-0.96,0,0.18,-0.01,0.87,0.95,1.11,-0.17,0.28,-0.32,-0.27,0.16,-0.53,0.96,0.38,-0.6,0.65,-0.38,-0.74,1.08,0.44,-0.03,1.59,0.06,0.78,0.64,-0.5,0.64,1.46,-0.93,0.4,0,0.08,0.64,0.65,-1.25,1.15,0.8,-1.5,1.72,1.53,-2.48,1.48,-0.04,-1.13,0.68,1.94,-1.33,3.03,2.38,-2.89,0.44,-0.27,3.79,0,-1.67,0.17,0.59,-0.43,1.21,-0.4,0.93,1.14,-0.47,0.16,1.77,1,-2.69,-1.44,-0.61,-1.06,3.25,-1.74,0.47,2.52,0.44,-4.28,-9.79,6.44,4.86,2.27,-0.13,2.49,-0.55,0.51,0.27,-6.22,2.65,3.07,-3.75,-3.34,2.44,-4.26,-1.7,6.19,3.07,1.4,3.88,-1.59,-0.6,-0.7,2.95,1.05,0.33,-0.05,0.26,0.71,0.07,0.61,1.32,1.3,-0.04,1.24,0.23,1.09,-0.79,0.79,-0.23,-1.08,0.82,0.56,-0.16,0.45,-0.09,-0.84,1.6
   Non-durables Index (Seasonally Adjusted) 2/,98.13,98.72,98.79,99.45,98.95,100.55,100.53,98.96,101.07,101.69,101.42,101.67,100.19,100.06,99.75,100.27,100.2,101.25,101.27,101.24,102.27,100.16,95.92,99.77,102.44,105.72,104.08,103.61,105.4,104.22,103.79,105.37,105.07,106.28,107.24,107.9,107.3,106.84,107.66,107.51,108.51,107.42,107.59,109.14,107.45,108.63,108.49,107.2,108.96,108.4,110.78,110.7,110.73,110.35,111.75,111.78,112.63,113.34,112.17,113.21,113.15,112.22,113.98,114.56,115.28,115.75,115.95,115.48,115.75,116.24,117.39,117.81,118.47,119.8,117.78,119.76,120.12,119.02,118.29,119.6,118.53,117.95,117.31,119.66,120.78,120.27,121.63,120.87,120.81,122.09,121.73,122.81,124.76,122.52,121.68,122.31,121.94,122.68,123.72,122.78,122.18,123.26,123.38,124.61,123.82,125.07,124.72,126.35,126.71,126.66,126.02,126.28,127.83,126.54,126.31,126.96,124.48,129.59,126.8,124.71,127.77,128.01,127.11,112.68,120.01,123.47,126.86,125.79,128.42,125.72,124.64,124.98,118.06,125.07,127.09,119.28,116.24,120.08,113.24,112.58,116.33,117.72,118.59,122.41,120.57,118.78,120.34,121.34,120.01,121.66,121.27,121.18,122.08,121.04,121.6,122.38,122.87,122.73,122.45,123.42,125.59,123.96,123.95,124.65,123.33,124.87,125.45,125.49,127.74,130.26,126.03,128.76
     Sales of Benzene Gasohol and Diesel Index (Seasonally Adjusted),96.55,99.91,98.64,98.09,97.11,100.91,102.75,99.02,101.71,99.93,105.18,100.15,102.3,99.98,98.37,102.38,100.82,102.5,98.19,103.47,102.28,94.73,91.29,101.87,104.2,107.17,105.12,103.15,106.32,107.44,104.18,107.46,106.01,111.8,114.41,115.19,116.48,110.72,117.54,116.75,120.87,113.41,115.9,118.21,111.13,116.7,115.95,110.84,114.82,112.81,117.42,119.15,120.42,114.21,120.2,122,125.59,124.5,121.81,129.2,134.03,132.38,132.32,137.17,137.08,134.3,139.58,139.35,140.47,143.52,140.83,147.81,149.74,158.6,151.29,156.23,156.22,159.61,153.37,161.96,157.09,149.87,153.88,157.41,156,155.85,164.6,157.98,164.39,164.85,160.44,164.58,168.2,162.78,153.68,162.16,166.86,170.38,170.43,168.93,166.37,167.44,163.08,169.33,163.66,168.46,165.86,173.14,174.46,173.92,177.66,176.93,178.31,176.22,174.73,175.91,169.76,183.07,170.43,172.66,175.49,180.15,161.4,123.92,156.68,170.25,188.97,184.41,192.9,180.59,177.81,177.1,144.67,176.02,187.94,155.83,139.68,153.54,125.48,123.51,138.98,151.19,158.04,180.09,167.88,162.65,154.36,168.68,166.54,163.74,157.97,160.83,166.31,162.86,161.71,171.47,170.84,171.62,173.14,167.06,176.82,173.07,166.63,167.37,162.82,167.74,169.85,170.87,176.81,180.04,173,181.07
     Household electricity consumption Index (Seasonally Adjusted),100.26,99.48,99.49,101.62,105.7,103.24,101.03,96.79,97.86,98.27,94.15,102.06,95.98,96.51,93.74,88.98,95.84,99.89,102.01,102.25,103.57,98.14,103.9,106.25,108.94,114.32,110.98,107.57,108.06,104.9,105.88,106.37,106.01,110.09,116.6,121.13,115.6,117.21,114.15,116.2,114.4,112.12,111.43,114.42,113.31,112.94,112.38,108.2,102.7,109.36,114.02,117.02,120.35,123.42,121.25,118.78,118.69,120.27,119.92,119.92,110.88,116.84,121.31,117.9,122.91,130.92,129.1,124.33,126.77,125.65,130.94,134.11,133.54,127.77,128.12,137.19,141.24,130.91,127.72,133.8,133.23,131.67,131.01,130.51,135.51,131.39,132.83,130.8,129.79,131.6,131.72,137.35,141.14,136.69,133.85,134.07,130.31,135.05,134.96,129.79,127.92,134.12,135.92,135.07,137.35,145.14,145.92,147.8,150.65,151.4,149.69,153.47,152.54,144.24,146.88,144.51,143.23,151.31,151.88,139.77,164.66,159.76,156.02,162.47,167.92,163.36,161.61,156.8,166.75,148.5,148.69,152.72,149.34,153.03,159.09,158.33,160.63,170.87,169.28,173.31,169.54,172.06,169.15,155.04,172.49,169.58,166.13,158.2,151.18,159.2,160.79,161.25,163.38,157.69,165.67,164.96,156.49,159.58,156.43,183.42,179.68,173.93,174.93,176.36,177.49,181.22,180.59,183.02,186.92,191.14,191.9,198.42
   Semi-durables Index (Seasonally Adjusted) 3/,98.41,99.15,98.78,99.62,98.18,101.68,100.06,101.04,101.62,99.77,103.19,98.45,98.42,97.63,101.09,99.02,99.78,101.45,99.7,102.4,102.59,96.66,97.97,102.12,100.6,106.14,104.96,103.63,106.47,104.16,105.78,104.95,104.04,106.36,106.29,103.28,105.26,104.71,104.6,105.46,107.07,103.64,105.96,105.6,105.04,105.25,104.23,103.34,105.62,104.72,104.93,105.23,104.92,104.27,105.8,103.55,106.26,106.21,104.56,105.26,104.7,107.04,104.78,105.43,104.38,106.08,106.38,105.19,105.95,105.39,105.89,107.95,104.56,106.72,107.23,106.84,106.07,106.9,106.38,107.71,106.99,107.04,107.97,108.27,104.69,106.91,108.63,105.29,107.67,108.34,107.09,109.78,107.69,107.24,109.06,108.77,109.5,109.87,108.8,108.84,110.13,110.45,110.67,111.92,110.73,113.58,112.78,110.82,112.39,110.31,110.46,111.15,111.13,110.7,113.41,111.13,111.5,112.15,111.19,111.4,112.78,107.13,107.52,105.08,102.43,106.24,107.18,106.38,108.45,107.94,108.51,110.36,109.79,113.14,111.32,111.43,111.06,111.09,109.46,108.69,110.28,110.82,110.15,111.7,111.32,111.07,112.03,112.07,112.58,112.46,111.8,113.05,112.31,110.5,112.62,111.48,111.11,112.23,113.25,110.19,113.55,111.59,112.15,112.83,111.88,112.3,112.04,111.51,111.74,112.7,110.59,111.67
     Sales of semi-durables Index (Seasonally Adjusted),91,91.4,105.9,89.67,97.16,107.12,105.64,107.06,107.39,104.63,108.16,84.81,81.25,80.13,91.87,73.84,79.19,87.39,84.2,89.84,89.17,71.01,70.12,84.15,86.01,91.89,99.26,83.08,101.02,99.32,100.62,99.62,96.78,97.53,98.8,95.84,98.91,92.1,104.36,86.79,100.24,97.21,98.53,97.38,96.85,93.92,93.81,94.66,91.29,92.48,101.07,84.72,93.99,93.33,93.35,89.27,91.96,90.98,90.08,94.91,88.9,89.69,103.86,84.08,93.64,95.31,96.44,91.45,93.84,92.7,91.86,100.48,89.19,92.18,106.42,86.52,96.73,94.74,90.31,94.03,94.06,90.08,94.42,98.42,90.27,90.1,104.32,81.4,96.08,97.15,92.36,98.12,99.05,93.64,99.42,101.61,98.94,95.94,110.38,88.54,102.37,103.54,100.68,105.77,100.19,102.21,104.96,104.31,104.51,100,113.4,95.01,105.87,105.13,105.67,103.16,99.64,100.1,98.94,99.43,96.74,95.26,95.2,72.92,80.55,89.42,83.27,88.91,93.48,90.54,93.85,98.05,92.71,109.45,110.29,91.03,100.15,100.35,89.57,89.18,97.13,98.42,99.61,105.15,100.88,100.35,112.51,96.07,101.21,101.8,97.41,106.12,105.13,101.67,106.16,102.73,104.04,102.41,116.58,91.77,107.45,105.71,103.44,104.86,105.47,101.32,100.83,100.53,101.32,97.99,105.48,105.61
     Import of textiles Index (Seasonally Adjusted),99.77,100.64,90.2,95.93,89.44,104,94.32,98.29,101.59,95.32,122.82,107.61,111.1,103.88,121.88,112.51,121.2,126.62,115.01,128.4,130.65,109.07,125.52,142.43,121.31,159.65,148.49,137.26,144.83,133.92,143.56,136.75,131.61,147.94,149.9,132.05,143.49,141.51,136.39,147.91,154.2,132.89,146.58,147.88,141.2,141.65,136.59,134.53,161.06,141.15,146.66,147.39,143.96,145.06,152.38,139.84,162.89,159.49,146.72,152.54,154.56,171.47,140.83,150.22,142.7,158.46,153.33,152.79,154.37,147.8,157.63,170.7,150.98,162.07,164.63,163.01,158.05,166.72,165.86,175.61,167.39,174.56,175.29,177.3,148.67,169.97,186.55,157.7,179.25,179.81,168.81,192.98,166.44,169.79,177.73,176.33,183.32,196.38,176.03,185.53,197.43,195.26,192.97,206.65,202.66,233.93,215.97,196.98,206.77,193.6,191.5,201.78,204.37,195.43,217.92,203.46,213.56,216.69,209,214.84,230.46,159.97,186.34,169.93,136.43,166.46,176.52,168.38,180.71,176.33,182.71,199.28,194.57,203.41,201.21,201.8,191.23,202.25,191.33,195.92,196.61,196.89,191.08,199.08,198.4,193.49,204.76,198.35,211.84,218.25,205.37,211.13,206.83,184.34,209.04,200.83,189.15,204.91,213.41,183.3,211.41,193.71,195.88,208.42,200.23,209.19,210.93,207.59,204.23,222.79,200.38,212.81
   Durables Index (Seasonally Adjusted) 4/,94.26,93.52,91.22,100.34,96.38,102.72,100.95,102.64,102.79,103.9,105.98,105.24,110.62,111.99,114.67,110.58,96.04,106.95,108.69,116.26,118.61,88.7,75.77,89.93,120.48,127.83,129.35,135.72,151.89,151.27,160.4,158.18,159.92,165.98,168.05,146.28,169.07,165.17,167.78,154.54,148.95,140.67,140.79,142.6,135.24,131.13,128.97,126.84,117.84,119.45,117.51,125.83,116.31,117.8,119.3,115.72,114.3,116.41,113.73,113.35,115.42,114.78,115.42,109.79,107.47,108.42,109.55,106.87,111.8,119.64,115.92,118.88,112.3,108.81,113.59,109.68,117.68,117.05,114.13,117.03,115.88,112.09,113.22,114.8,116.65,123.04,122.79,120.16,121.77,121.5,119.83,119.11,125.78,123.1,128.76,129.42,127.34,128.14,128.47,132,134.21,134.45,133.18,135.45,133.6,135.96,137.85,132.87,134.07,134.82,134.79,137.9,135.47,130.38,134.41,129.79,131.3,127.78,122.47,120.49,126.74,122.4,103.19,80.25,89.69,103.78,118.73,123.35,123.63,128.9,123.56,136.47,116.27,119.67,130.57,122.87,113.96,123.49,112.12,96.3,124.14,125.55,132.73,138.5,136.4,138.3,136.07,131.63,131.17,129.82,130.95,135.44,137.2,129.28,133.07,131.55,136.7,144.2,141.29,134.31,141.54,136.38,135.76,134.16,133.83,135.27,133.57,126.13,134.13,128.91,122.3,126.79
     Sales of Commercial cars (Units) (Seasonally Adjusted),31521.6,31794.86,31984.45,30197.02,33610.7,36095.72,35403.54,36111.12,35644.32,35767.38,39012.29,37074.3,39359.92,42808.07,40484.79,36052.31,31454.82,36941.7,39951.23,42539.99,45645.53,20707.53,9511.43,18641.26,51110.89,56945.84,56340.08,49182.93,59755.61,61819.21,66245.01,67507.92,63175.8,64475.55,59998.28,50179.68,65225.05,60102.33,60824.05,61210.68,56650.12,52486.11,47051.88,45597.16,45200.61,42438.59,45313.78,43063.13,41236.5,38065.61,37333.79,39630.24,37570.31,37293.62,36958.03,35538.44,36080.69,36579.48,35032.02,33228.05,34291.61,33724.24,31113.13,24085.2,26786.01,30951.09,30992.72,34931.97,28091.05,27681.86,39809.55,42245.02,29020.07,28761.2,28026.27,26786.88,32140.41,29730.5,28174.68,28755.71,29198.68,28574.74,29643.06,31771.56,31641.57,32936.71,32866.74,31290.89,30707.32,28727.9,30685.26,32099.22,37943.41,28989.34,32094.03,34247.82,34176.26,36541.86,38135.56,39124.55,39131.1,38759.41,37931.17,38335.04,41044.9,39729.51,41464.31,41648.35,41832.83,38331.41,41014.86,42453.96,42947.11,38012.55,38457.12,35971.3,32201.38,34168,35083.32,32924.26,36110.52,32571.11,25570.54,18402.27,22958.78,28449.54,33050.07,35423.53,36820.76,36911.5,35118.11,37216.44,29886.04,27912.09,29796.63,32139.74,30690.71,30584.75,28017.79,20728.07,28949.35,31009.09,31941.61,31290.55,34582.76,37419.73,37630.98,34295.47,32643.45,34671.72,33056.4,32473.17,36852.42,31809.78,28693.64,30553.21,31376.81,28996.39,27954.81,25842.94,25584.12,23638.51,23193.25,21759.71,20859.72,19550.09,18385.16,17236.06,17826.51,16943.3,15719.93,16923.73
     Sales of Passenger cars (Units) (Seasonally Adjusted),25537.46,25934.4,22641.77,32296.98,28843.22,32672.37,31411.28,31615.23,32295.21,33244.76,33667.01,31570.17,37824.5,37944.89,40778.99,38435.58,24654.69,31649.33,34167.34,39022.43,41710.14,20688.23,14090.49,21942.13,34639.75,37278.51,39459.12,47488.4,59062.05,59617.76,67728.7,65395.88,69232.15,74383.91,77932.15,56730.15,75350.25,73827.72,76664.73,58250.16,56673.43,50603.54,50830.29,54835.37,48267.12,43950.14,41558.68,41298.04,35773.04,35840.12,35200.07,39909.15,33740.69,35737.05,33718.29,33460.15,31864.71,32927.88,32783.55,32262.93,33633.13,32375.55,32088.93,33470.63,30546.22,27601.06,30933.53,26914.32,32465.84,39685.66,31942.73,32537.63,30192.43,30124.49,32754.26,31272.01,34679.97,33977.46,33784.05,34076.01,32857.08,31612.88,31242.45,32122.83,33901.71,38182.38,38287.62,36031.82,35999.95,38482.06,36326.34,35762.5,38438.34,39864.59,42395.86,43941.79,41735.1,42150.57,41984.03,45028.89,46763.56,46825.36,46789.73,47977.63,46207.47,47726.08,49138.11,43745.77,45778.23,47581.6,46394.63,49925.99,46999.33,45609.19,45685.31,44089.51,47000,41137.23,37758.75,38399.83,40690.55,38277.41,24553.6,13776.97,18315.09,23487.76,28677.74,32889.6,32036.39,36778.49,34607.29,43028.91,28218.6,31829.52,37337.85,30500.48,26337.51,32304.3,26131.78,19858.36,32917.04,32213.45,34746.6,38541.42,37515.54,37318,36690.5,34514.89,33363.5,31233.65,33787.89,34967.96,35173.04,31860.4,35012.77,33032.59,36888.8,43047.48,40427.23,38614.79,41280.87,39149.56,38287.13,38086.78,38429.26,39632.12,39243.56,34277.67,39309.21,36379.55,32718.63,34493.22
     Sales of Motorcycles (Units) (Seasonally Adjusted),168523.98,157453.99,166686.51,162984.76,147329.62,160897.56,158265.5,169583.63,166241.25,167527.31,172726.07,191078.61,177296.91,178420.98,186203.01,181094.61,180758.99,194594.65,178153.42,196831.18,185465.32,159456.08,155412.31,151828.49,163911.09,186229.16,182196.52,190647.15,205506.39,187406.54,192139.51,185958.47,182947.32,195631.58,199818.77,188028.44,193555.2,182100.33,181301.73,207734.71,180597.8,168290.02,184753.08,169737.73,161258.59,171883.13,165212.09,155927.83,133276.44,156255.32,148172.26,166968.53,147293.96,142178.61,174191.99,151189.27,152439.51,158180.51,142482.38,149931.19,150702.39,158833.35,175013.89,138820.3,138643.51,159732.3,137894.53,140996.05,150233.22,147876.81,149053.19,159913.12,169283.68,142989.52,158468.65,144738.04,158904.8,167875.34,150884.2,169578.9,169975.84,152763.02,161681.6,159302.91,158246.36,166711.25,163835.29,167560.18,183043.57,164379.05,163985.53,158708.55,170102.35,162985.66,177220.6,161802.52,164317.06,159735.06,158987.6,158293.05,161702.34,164437.58,156161.95,163987.42,155006.05,166127.16,164439.28,168495.65,159802.82,161146.68,163173.24,153691.93,157125.01,140472.17,173240.09,155017.73,153479.48,170334.85,153131.25,137795.57,157765.73,154506.03,144127.8,99607.19,98965.53,122563.41,162741.06,150798.87,156312.25,152667.77,136526.47,150756.54,146904.68,144425.82,167258.86,163324.93,140511.01,152740.17,134063.01,106481.92,130612.57,140311.08,164834.92,174380.7,157394.65,164314.92,152590.09,150249.44,162777.25,166033.9,155930.65,179435.78,176538.64,164062.77,172206.53,173376.64,172594.46,179374.25,184397.44,155046.67,184217.34,170998.9,175805.21,170459.68,167830.26,171443.9,166277.77,161457.95,169281.43,161115.58,151929.26,162408.34
   Services Index (Seasonally Adjusted) 5/,99.25,99.02,99.2,98.48,95.34,99.34,99.82,99.75,101.49,100.3,105.87,102.1,102.67,103.78,105.1,103.89,104.22,104.27,105.52,106.31,108.3,102.02,96.16,105.86,108.45,110.17,110.43,111.65,112.93,113.27,114.17,114.45,115.66,115.82,115.07,118.03,119.24,119.95,120.92,121.72,122.89,123.11,122.99,124.87,125.22,125.61,124.69,124.38,123.95,122.43,122.35,124.5,126.84,122.22,125.34,126.97,127.55,131.44,131.28,133.94,132.73,132.86,132.95,134.17,134.26,135.83,136.12,136.56,137.24,137.43,138.21,140.04,141.17,143.56,147.44,144.35,145.18,144.66,148.51,148.15,151.03,144.3,144.2,147.7,149.75,150.68,152.9,151.72,154.44,155.64,155.26,156.89,159.74,156.33,160.94,170.21,162.04,162.55,161.73,163.38,164.76,164.97,165.58,165.53,165.15,164.91,165.72,168.22,169.64,168.24,166.3,169,168.1,168.29,168.55,170.23,169.16,172.05,170.01,172.45,171.47,153.9,129.84,114.92,122.51,128.09,127.41,127.48,131.89,133.06,135.84,133.13,125,124.34,130.35,129.11,124.1,125.16,121.28,119.14,128.19,135.65,138.46,146.5,145.69,144.88,142.39,150.7,157.16,159.47,161.33,163.39,165.47,169.35,170.47,175.74,179.01,180.17,182.79,187.1,187.26,187.2,190.16,190.65,190.96,189.54,189.75,190.94,193.3,195.68,193.63,198.5
     Sales of passenger transportations Index (Seasonally Adjusted),98.23,98.42,101.2,96.35,94.94,97.1,97.23,95.47,99.72,97.65,105.36,118.26,123.76,122.83,127.36,124.2,121.65,126.71,124.26,127.59,137.56,118.75,109.07,119.94,123.72,133.44,131.98,134.71,139.65,135.81,140.1,142.2,147.77,148.43,148.91,138.62,151.06,150.13,151.72,155.65,160.81,161.09,160.27,163.08,160.31,162.97,159.18,151.32,151.35,151.29,146.28,153.23,150.9,146.97,155.06,151.31,159.45,166.91,166.39,171.46,168.23,160.38,164.65,173,159.76,168.27,169.8,171.1,170.91,169.4,175.68,178.39,179.36,187.86,213.55,185.33,181.57,188.93,188.21,194.52,209.79,172.5,182.51,189.8,193.7,197.31,205.72,196.21,208.25,204.58,205.63,213.34,217.77,200.69,224.94,219.31,227.5,228.83,218.84,229.03,227.57,233.56,224.63,221.8,217.02,219.81,226.24,224.35,239.66,223.45,228.85,230.2,220.5,208.24,215.79,208.32,209.03,212.79,210.57,224.1,217.04,149.08,97.69,61.18,60.75,71.1,64.45,71.3,72.78,72.94,86.47,78.33,67.95,73.68,86.63,65.96,63.97,78.13,77.78,72.15,86.37,89.75,94.37,96.39,83.31,89.05,87.98,89.85,92.5,99.8,98.5,100.67,109.49,111.49,113.33,115.82,116.92,118.43,120.21,120.35,121.24,121.97,122.99,122.9,123.75,123.88,124.29,125.03,126.61,127.87,127.19,129
     Sales of hotel and restaurant Index (Seasonally Adjusted),99.27,96.35,94.32,94.99,81.05,94.58,95.66,96.78,100.7,103.25,158.69,84.31,84.56,87.9,89.96,86.99,87.62,84.18,89.75,90.42,90.95,82.41,75.42,87.16,94.98,94.86,96.59,98.86,99.11,100.91,102.34,101.56,101.3,103.01,104.68,109.18,108.5,110.12,113.16,113.43,113.03,112.85,113.25,117.22,117.49,119.19,120.13,114.68,114.17,106.88,109.12,112.91,120.02,104.46,112.38,117.96,113.54,125.95,125.69,128.25,125.6,127.6,126.01,125.75,130.02,129.23,131.64,129.85,129.79,133.11,131.84,135.02,138.16,140.24,141.99,143.88,145.63,137.88,154.95,146.99,147.36,143.09,135.78,144.96,148.79,148.38,152.17,151.62,151.47,156.57,156.13,155.16,160.96,158.44,162.39,203.25,163.14,162.71,165.44,164.24,164.63,162.45,169.84,167.16,165.38,164.77,163.94,169.95,168.9,169.31,163.02,167.88,161.92,170.49,167.25,173.59,166.89,177.84,171.97,169.81,168.36,131.42,65.34,24.26,38.38,65.03,65.16,57.41,75.49,76.5,83.99,71.32,45.35,61.38,64.47,34.02,31.83,47.63,36.33,35.61,49.2,62.15,76.11,80.94,64.33,82.11,81.91,90.39,93.94,94.62,99.25,101.77,112.09,120.39,127.25,128.35,129.58,134.12,144.71,146.35,146.65,146.43,148.44,148.96,149.73,149.06,149.37,152.56,153.33,158.11,157.36,158.71
   Non-residents expenditure Index (Seasonally Adjusted) 6/,104.16,123.24,101.24,80.27,60.92,71.82,101.2,97.84,109.24,112.84,115.08,122.08,128.85,139.99,133.09,146.4,146.76,149.96,148.1,150.9,155.17,137.58,109.42,136.3,138.7,134,146.14,146.19,146.71,151.25,147.53,150.78,143.92,159.71,166.73,167.51,163.3,180.21,183.72,194.49,198.1,201.22,184.67,193.97,196.2,194.11,198.88,184.93,183.94,171.19,169.85,177.42,163.82,134.95,163.26,172.07,188.22,217.62,212.61,221.44,208.2,216.1,214.37,227.1,240.32,239.38,236.85,232.71,218.96,229.85,225.65,235.51,243.45,255.8,249.1,252.98,261.22,251.36,266.39,266.31,264.53,235.03,213.07,238.66,282.31,265.44,263.66,287.83,284.43,301.77,313.5,322.07,322.64,306.77,286.44,307.39,304.92,306.21,311.13,250.66,260.1,300.8,301.12,301.76,298.71,289.09,300.75,301.3,294.6,292.19,272.59,262.26,243.94,283.81,320.18,338.38,337.99,325.62,320.97,312.88,286.89,152.41,53.35,19.52,12.84,4.86,-3.19,-3,-2.32,4.06,0.41,-3.64,-0.41,-0.83,1.8,9.73,10.63,7.73,4.01,-2.11,4.48,6.78,10.33,19.66,32.19,29.42,36.05,33.44,46.07,62.87,73.99,88.24,93.63,99.36,104.71,112.99,114.8,132.38,119.37,136.38,140.22,138.37,140.4,152.58,168.24,153.14,143.61,146.34,175.04,204.29,172.35,192.88
